Time(s),Time(ms),AccelX,AccelY,AccelZ,GyroX,GyroY,GyroZ
0.000,1190180,8.571242,3.936068,5.358223,-0.027579,-0.091397,0.076208
0.020,1190200,8.633492,3.797204,5.262455,-0.045165,-0.131766,0.094594
0.040,1190220,8.738836,3.749320,5.152322,-0.065683,-0.187190,0.124172
0.060,1190240,8.470686,3.816358,5.027823,-0.094194,-0.214103,0.149086
0.080,1190260,8.221688,3.945644,5.090073,-0.103387,-0.236352,0.122306
0.100,1190280,7.948750,4.027047,5.152322,-0.096326,-0.181194,0.063951
0.120,1190300,8.101978,4.103662,5.157111,-0.092196,-0.100323,0.030643
0.140,1190320,8.097190,4.094085,5.104438,-0.080738,-0.020518,0.022116
0.160,1190340,8.178593,4.122815,5.046977,-0.060221,0.021583,0.014256
0.180,1190360,8.389283,4.074931,5.032612,-0.027046,0.027979,0.019052
0.200,1190380,8.427590,4.094085,5.080496,-0.013057,0.038237,0.027712
0.220,1190400,8.350976,4.055778,5.176264,-0.005995,0.045165,0.038504
0.240,1190420,8.355764,4.113238,5.238513,-0.012124,0.033175,0.017986
0.260,1190440,8.494628,4.055778,5.181053,-0.023182,0.015988,0.006795
0.280,1190460,8.518570,4.027047,5.166687,-0.039969,0.002665,-0.007994
0.300,1190480,8.556877,3.969586,5.094861,-0.052360,-0.030776,-0.013989
0.320,1190500,8.585608,3.950433,5.066131,-0.072078,-0.057423,-0.008793
0.340,1190520,8.465898,3.931279,5.061342,-0.092063,-0.065816,-0.007861
0.360,1190540,8.489840,3.964798,4.984728,-0.113646,-0.068481,-0.015055
0.380,1190560,8.595184,3.964798,4.951209,-0.122040,-0.065550,-0.034374
0.400,1190580,8.652645,3.912126,4.932055,-0.141625,-0.064750,-0.035839
0.420,1190600,8.667010,3.883395,4.802769,-0.155481,-0.056490,-0.024115
0.440,1190620,8.566454,4.027047,4.879383,-0.156680,-0.052493,-0.033974
0.460,1190640,8.379706,4.050989,5.018247,-0.144822,-0.025980,-0.061553
0.480,1190660,8.269572,4.031836,4.932055,-0.159211,-0.009593,-0.098325
0.500,1190680,8.403648,3.950433,4.845864,-0.151217,0.008127,-0.127103
0.520,1190700,8.427590,3.825934,4.707001,-0.165606,0.026913,-0.131366
0.540,1190720,8.461109,3.763685,4.625597,-0.165740,0.030377,-0.130700
0.560,1190740,8.327033,3.825934,4.716578,-0.180129,0.055957,-0.153216
0.580,1190760,8.101978,3.734955,4.654328,-0.197049,0.096193,-0.190521
0.600,1190780,8.116343,3.801992,4.659117,-0.203311,0.140692,-0.223695
0.620,1190800,8.274361,3.988740,4.721366,-0.210772,0.160011,-0.252207
0.640,1190820,8.202535,3.988740,4.802769,-0.208773,0.161476,-0.265130
0.660,1190840,7.805098,4.151546,5.109226,-0.225028,0.178796,-0.257003
0.680,1190860,7.833828,4.185065,5.219360,-0.235286,0.189055,-0.264331
0.700,1190880,8.111555,4.113238,5.032612,-0.253139,0.171335,-0.256337
0.720,1190900,8.078036,4.098873,5.114015,-0.257003,0.137894,-0.203178
0.740,1190920,7.690176,4.127604,5.176264,-0.251807,0.130833,-0.163608
0.760,1190940,7.580042,4.156334,5.166687,-0.238750,0.115378,-0.154149
0.780,1190960,7.369353,4.060566,5.042189,-0.212104,0.113247,-0.145622
0.800,1190980,7.053318,3.897760,5.046977,-0.193052,0.104720,-0.143623
0.820,1191000,7.445967,3.950433,5.075707,-0.180528,0.071545,-0.135763
0.840,1191020,7.436390,4.055778,5.181053,-0.166006,0.090997,-0.112980
0.860,1191040,6.928820,3.912126,5.085284,-0.162142,0.118842,-0.105253
0.880,1191060,6.766014,3.811569,4.960786,-0.143623,0.106851,-0.113913
0.900,1191080,6.411672,3.620033,4.721366,-0.109383,0.136695,-0.106452
0.920,1191100,6.253655,3.624821,4.654328,-0.083270,0.117643,-0.090730
0.940,1191120,6.493075,3.758897,4.630386,-0.021717,0.068081,-0.061153
0.960,1191140,6.631939,3.792415,4.601655,0.039836,0.025980,-0.019851
0.980,1191160,6.167464,3.519476,4.467580,0.029977,0.008926,0.035306
1.000,1191180,5.075707,3.213019,4.285621,0.008260,0.034507,0.103387
1.020,1191200,4.707001,3.548207,4.730943,-0.025980,-0.019851,0.132032
1.040,1191220,6.478710,3.873818,4.797980,-0.036639,-0.117377,0.122839
1.060,1191240,7.872135,3.687071,4.333505,-0.064217,-0.172534,0.129101
1.080,1191260,6.363788,3.193865,4.041412,-0.120041,-0.200779,0.241015
1.100,1191280,5.473145,3.150769,4.261679,-0.127902,-0.328681,0.323086
1.120,1191300,6.512228,3.050213,4.027047,-0.138161,-0.469240,0.370516
1.140,1191320,8.240842,3.208230,3.835511,-0.164274,-0.722646,0.463245
1.160,1191340,8.786720,2.949656,3.730166,-0.175998,-0.924358,0.579689
1.180,1191360,6.698977,2.940080,4.290410,-0.194784,-0.846951,0.626320
1.200,1191380,5.008670,3.327940,5.003881,-0.165074,-0.565433,0.424341
1.220,1191400,6.411672,3.409343,4.769250,-0.117643,-0.376511,0.228225
1.240,1191420,8.609550,3.452439,4.232949,-0.132432,-0.384772,0.170270
1.260,1191440,9.069236,3.576937,4.539406,-0.166273,-0.303101,0.153882
1.280,1191460,7.129933,3.869030,5.166687,-0.174400,-0.203577,0.169737
1.300,1191480,7.608773,4.209007,5.568913,-0.158012,-0.211172,0.138960
1.320,1191500,9.126697,4.237737,5.372589,-0.117776,-0.176931,0.069280
1.340,1191520,10.319010,4.146757,5.434838,-0.112847,-0.150685,0.075009
1.360,1191540,9.639056,4.213795,5.640739,-0.125904,-0.061686,0.156014
1.380,1191560,9.011775,4.884171,6.052542,-0.110182,0.001599,0.149352
1.400,1191580,9.112331,5.252879,6.028600,-0.039436,0.007727,0.023315
1.420,1191600,10.558430,5.152322,5.918467,0.038770,-0.054492,-0.072078
1.440,1191620,11.066000,4.769250,5.841852,0.072744,-0.047697,-0.081005
1.460,1191640,9.849746,4.884171,6.272809,0.035706,0.017986,-0.064484
1.480,1191660,8.892065,5.181053,6.622362,0.032775,0.082070,-0.084335
1.500,1191680,9.246407,5.458780,6.574478,0.035173,0.136162,-0.106718
1.520,1191700,10.975020,5.027823,6.196194,0.039969,0.155348,-0.069280
1.540,1191720,11.865664,4.491522,5.851429,0.068614,0.082070,0.099657
1.560,1191740,10.261548,4.802769,5.932832,0.057289,-0.019319,0.205976
1.580,1191760,9.840169,5.267244,6.311116,0.107784,-0.089531,0.104453
1.600,1191780,10.505757,4.927267,5.937620,0.140959,-0.092196,-0.005329
1.620,1191800,10.821792,4.501099,5.726931,0.132299,-0.128968,0.027845
1.640,1191820,10.160992,4.429273,5.861006,0.105519,-0.091930,0.117243
1.660,1191840,9.749189,4.692636,6.272809,0.083802,-0.066616,0.127769
1.680,1191860,10.773908,4.697424,5.961562,0.094594,-0.086734,0.140692
1.700,1191880,11.382035,4.481946,5.439626,0.093129,-0.150018,0.207308
1.720,1191900,11.276690,4.343082,5.233725,0.114712,-0.251141,0.276588
1.740,1191920,11.013328,4.161122,5.291186,0.125770,-0.288712,0.296972
1.760,1191940,10.898406,4.050989,5.118803,0.121374,-0.287247,0.269127
1.780,1191960,10.826580,3.998317,4.759673,0.093928,-0.254738,0.213037
1.800,1191980,10.726024,4.098873,4.539406,0.081671,-0.206375,0.147620
1.820,1192000,11.525687,4.232949,4.544195,0.071412,-0.202245,0.083136
1.840,1192020,12.425907,4.419696,4.721366,0.031043,-0.162809,-0.000799
1.860,1192040,12.555194,4.515464,4.501099,-0.026779,-0.137894,-0.041568
1.880,1192060,12.119449,4.879383,4.568137,-0.102055,-0.119642,-0.108583
1.900,1192080,12.129025,5.123591,4.745308,-0.138028,-0.057023,-0.191986
1.920,1192100,13.297397,5.401319,4.793192,-0.171868,0.011058,-0.224628
1.940,1192120,13.632585,5.597643,4.649539,-0.182260,0.096593,-0.190654
1.960,1192140,12.287044,6.052542,4.951209,-0.165740,0.212637,-0.201712
1.980,1192160,10.635044,6.344635,5.674258,-0.141092,0.354795,-0.324018
2.000,1192180,10.893618,6.033388,5.789180,-0.103254,0.400893,-0.402891
2.020,1192200,11.468226,5.434838,5.612009,-0.108184,0.408887,-0.326417
2.040,1192220,11.051635,5.243302,5.789180,-0.151351,0.387170,-0.133364
2.060,1192240,10.184934,5.295974,5.985504,-0.183593,0.353329,0.013057
2.080,1192260,9.682152,5.300763,5.913678,-0.158945,0.299637,0.013856
2.100,1192280,9.624691,5.066131,5.588067,-0.081271,0.224495,-0.018919
2.120,1192300,9.447520,4.774038,5.425261,-0.006129,0.151217,-0.005596
2.140,1192320,9.399636,4.496311,5.272032,0.051827,0.103254,0.009193
2.160,1192340,9.097966,4.299986,5.339070,0.045032,0.073011,0.015855
2.180,1192360,8.829816,3.907337,5.252879,0.021583,0.070879,0.002265
2.200,1192380,8.628703,3.849876,5.329493,-0.014256,0.087266,-0.003997
2.220,1192400,8.374918,3.643975,5.233725,-0.068348,0.103254,0.013590
2.240,1192420,8.614338,3.734955,4.807557,-0.125371,0.103121,0.037571
2.260,1192440,8.303091,4.017470,4.836287,-0.136962,0.101922,0.032642
2.280,1192460,7.905654,4.175488,4.965574,-0.087533,0.104587,-0.042634
2.300,1192480,7.632715,3.825934,4.994305,-0.069946,0.169337,-0.131766
2.320,1192500,7.819463,3.270479,4.472369,0.008527,0.121773,-0.140825
2.340,1192520,8.288726,2.815581,3.754108,-0.031443,0.208240,-0.102188
2.360,1192540,8.063671,2.461239,3.371036,-0.034240,0.146021,-0.017187
2.380,1192560,6.133945,2.336741,3.299210,-0.098991,0.096459,0.040769
2.400,1192580,3.706224,2.092532,3.260903,-0.100057,0.215835,-0.033041
2.420,1192600,2.786851,1.661576,3.035848,-0.052360,0.344136,-0.203044
2.440,1192620,3.648763,1.383849,2.604892,-0.061020,0.371582,-0.301636
2.460,1192640,4.395754,1.249773,2.346318,-0.108850,0.328548,-0.281384
2.480,1192660,4.256891,1.225831,2.240973,-0.151484,0.238884,-0.210639
2.500,1192680,3.739743,1.460463,2.576161,-0.182926,0.169870,-0.121240
2.520,1192700,3.998317,2.121263,3.155558,-0.187190,0.130700,-0.054758
2.540,1192720,5.501875,2.743755,3.672705,-0.151084,0.053559,-0.038637
2.560,1192740,7.824251,3.351882,4.199430,-0.120441,-0.061686,-0.018519
2.580,1192760,9.600749,3.438074,4.453215,-0.110982,-0.126170,0.057822
2.600,1192780,9.639056,3.351882,4.534618,-0.124305,-0.178397,0.184658
2.620,1192800,9.303867,3.342306,4.520253,-0.108983,-0.239816,0.259401
2.640,1192820,9.504981,3.907337,4.572925,-0.134963,-0.288712,0.227426
2.660,1192840,8.197746,4.012682,4.812346,-0.118309,-0.218632,0.108317
2.680,1192860,7.187394,3.921702,5.042189,-0.077807,-0.063685,-0.038770
2.700,1192880,7.508216,3.730166,4.850653,-0.066749,0.068348,-0.124838
2.720,1192900,8.331821,3.677494,4.553771,-0.058089,0.084069,-0.102322
2.740,1192920,8.748413,3.658340,4.477157,-0.042767,0.040103,-0.040103
2.760,1192940,8.963891,3.734955,4.424485,-0.033574,-0.029044,0.030643
2.780,1192960,9.006987,3.782839,4.568137,-0.020917,-0.082603,0.079806
2.800,1192980,9.294291,3.816358,4.616021,-0.007594,-0.110182,0.100989
2.820,1193000,9.093178,3.706224,4.481946,0.001199,-0.103920,0.116577
2.840,1193020,8.892065,3.672705,4.434062,0.003730,-0.082337,0.132565
2.860,1193040,8.786720,3.567361,4.381389,0.011325,-0.042634,0.118709
2.880,1193060,8.623915,3.452439,4.333505,0.008260,-0.013057,0.085934
2.900,1193080,8.681376,3.289633,4.266468,-0.007994,0.011458,0.051960
2.920,1193100,8.796297,3.227384,4.228160,-0.018119,0.009726,0.025314
2.940,1193120,9.212888,3.385401,4.189853,-0.008394,-0.000533,-0.014123
2.960,1193140,9.074024,3.390190,4.165911,0.005596,0.018119,-0.059421
2.980,1193160,8.714894,3.399766,4.309563,-0.001599,0.031709,-0.098058
3.000,1193180,8.667010,3.552995,4.467580,-0.017453,0.064884,-0.138560
3.020,1193200,8.877700,3.615245,4.563348,-0.024914,0.065550,-0.182793
3.040,1193220,9.165004,3.634398,4.467580,-0.042767,0.039303,-0.164940
3.060,1193240,9.174581,3.653552,4.390966,-0.058222,-0.015322,-0.100323
3.080,1193260,9.083601,3.787627,4.472369,-0.082337,-0.062885,-0.048763
3.100,1193280,8.422802,3.873818,4.477157,-0.095926,-0.030643,-0.035040
3.120,1193300,8.350976,3.940856,4.544195,-0.084335,-0.005995,-0.066216
3.140,1193320,8.681376,3.912126,4.400543,-0.080472,0.038770,-0.085135
3.160,1193340,8.619126,3.787627,4.347870,-0.076874,0.070346,-0.084868
3.180,1193360,8.542512,3.749320,4.347870,-0.066349,0.095394,-0.092995
3.200,1193380,8.413225,3.811569,4.438850,-0.074343,0.125904,-0.108717
3.220,1193400,8.504205,3.926491,4.520253,-0.065283,0.149086,-0.136162
3.240,1193420,8.686164,3.950433,4.481946,-0.049429,0.161609,-0.146288
3.260,1193440,8.662222,3.926491,4.453215,-0.037038,0.188122,-0.140026
3.280,1193460,8.465898,3.835511,4.515464,-0.032908,0.207175,-0.134830
3.300,1193480,8.221688,3.663129,4.458004,-0.045032,0.220897,-0.123905
3.320,1193500,8.068460,3.605668,4.453215,-0.077008,0.210505,-0.109250
3.340,1193520,8.293514,3.682282,4.443638,-0.084069,0.210772,-0.112047
3.360,1193540,7.781156,3.639187,4.481946,-0.087133,0.241149,-0.135496
3.380,1193560,7.235278,3.299210,4.189853,-0.083936,0.264864,-0.152417
3.400,1193580,6.617573,2.700660,3.490746,-0.091130,0.247144,-0.092729
3.420,1193600,5.669470,2.240973,3.026271,-0.113913,0.164407,0.037172
3.440,1193620,6.545747,2.628834,3.145981,-0.104187,0.014922,0.127369
3.460,1193640,5.166687,2.011129,3.021482,-0.061553,0.122306,0.160810
3.480,1193660,3.615245,1.905785,3.160346,-0.092596,0.144556,0.160544
3.500,1193680,4.319140,1.604115,2.614468,-0.067149,0.068614,0.170936
3.520,1193700,5.487510,1.924938,2.729390,-0.083136,-0.064217,0.179196
3.540,1193720,7.316680,2.078167,2.858677,-0.059288,-0.203711,0.215435
3.560,1193740,5.770026,2.159570,3.141193,-0.090464,-0.200779,0.267129
3.580,1193760,5.300763,2.499547,3.615245,-0.082870,-0.276455,0.260734
3.600,1193780,5.410896,2.288857,3.428497,-0.067415,-0.279253,0.209573
3.620,1193800,7.800309,2.561796,3.538630,-0.104054,-0.420744,0.339873
3.640,1193820,9.380483,3.198653,4.161122,-0.113913,-0.522933,0.640176
3.660,1193840,7.852982,4.199430,5.051765,-0.053692,-0.471505,0.749292
3.680,1193860,5.707777,4.750096,5.894525,0.045832,-0.292709,0.539187
3.700,1193880,5.961562,4.491522,6.220136,0.133231,-0.141625,0.174933
3.720,1193900,9.375694,4.137180,5.913678,0.135629,-0.131100,-0.007861
3.740,1193920,11.487380,4.055778,5.588067,0.060221,-0.125504,0.046231
3.760,1193940,9.840169,4.448427,5.908890,-0.025447,-0.081005,0.115778
3.780,1193960,8.695741,4.668694,6.426037,-0.033574,-0.036505,0.034640
3.800,1193980,9.538500,4.448427,6.057330,-0.030776,0.048629,-0.059954
3.820,1194000,10.912771,4.194642,5.626374,-0.078473,0.046764,-0.083403
3.840,1194020,10.879252,4.046201,5.544971,-0.150285,0.006262,-0.009726
3.860,1194040,9.662998,4.362236,5.961562,-0.186923,0.055957,0.026380
3.880,1194060,9.270349,4.587290,6.224925,-0.189855,0.100057,-0.041835
3.900,1194080,10.290278,4.477157,5.841852,-0.162409,0.054891,-0.107384
3.920,1194100,11.516110,4.467580,5.607220,-0.151217,-0.065417,-0.087533
3.940,1194120,11.022904,4.659117,5.674258,-0.173201,-0.127103,-0.024381
3.960,1194140,9.634268,4.951209,5.875371,-0.189855,-0.128435,-0.026646
3.980,1194160,9.203311,5.137957,5.822699,-0.176931,-0.075542,-0.100456
4.000,1194180,10.012551,4.879383,5.655105,-0.153749,-0.046364,-0.158279
4.020,1194200,11.674128,4.515464,5.434838,-0.146821,-0.076741,-0.108450
4.040,1194220,11.238382,4.362236,5.688623,-0.218632,-0.066482,0.025181
4.060,1194240,10.132261,4.730943,5.999869,-0.267528,-0.050628,0.053159
4.080,1194260,10.036493,4.726154,5.870583,-0.259135,-0.020118,-0.024781
4.100,1194280,10.338163,4.644751,5.683835,-0.263265,-0.047031,-0.080205
4.120,1194300,10.314221,4.544195,5.875371,-0.259801,-0.048629,-0.087933
4.140,1194320,10.266336,4.343082,6.114791,-0.251940,-0.021450,-0.054225
4.160,1194340,10.716447,4.132392,6.215348,-0.265397,-0.005862,-0.004397
4.180,1194360,11.128249,4.098873,5.904101,-0.294441,-0.042501,0.032775
4.200,1194380,11.367670,4.343082,5.530606,-0.302568,-0.134697,0.021317
4.220,1194400,11.128249,4.525041,5.353435,-0.268594,-0.207041,-0.018652
4.240,1194420,10.836157,4.252102,5.257667,-0.197982,-0.240749,-0.038504
4.260,1194440,10.826580,3.792415,5.070919,-0.176265,-0.217966,0.002931
4.280,1194460,10.668563,3.567361,5.152322,-0.208374,-0.179462,0.020118
4.300,1194480,11.133038,3.538630,5.214571,-0.268594,-0.157346,-0.025181
4.320,1194500,11.693281,3.677494,5.003881,-0.353196,-0.141358,-0.069813
4.340,1194520,11.420342,4.127604,5.080496,-0.424741,-0.143224,-0.142557
4.360,1194540,11.827356,4.620809,5.377377,-0.427806,-0.105386,-0.242481
4.380,1194560,12.105083,4.908113,5.679047,-0.397296,-0.001332,-0.289911
4.400,1194580,11.956643,5.104438,5.875371,-0.380775,0.123239,-0.311894
4.420,1194600,11.458650,5.315128,5.956774,-0.352930,0.238084,-0.375179
4.440,1194620,10.907983,5.233725,6.177041,-0.327882,0.304300,-0.468308
4.460,1194640,10.917560,5.181053,6.536170,-0.334410,0.311361,-0.537588
4.480,1194660,11.042058,5.185841,6.727707,-0.340273,0.297239,-0.545449
4.500,1194680,10.893618,5.453991,6.636727,-0.349865,0.322553,-0.486427
4.520,1194700,10.170568,5.554548,6.684611,-0.332145,0.246478,-0.340806
4.540,1194720,9.639056,5.319916,6.785168,-0.276588,0.160144,-0.238084
4.560,1194740,9.519346,4.812346,6.651093,-0.253273,0.063418,-0.157346
4.580,1194760,9.313444,4.438850,6.564901,-0.264730,-0.011325,-0.096326
4.600,1194780,9.212888,4.434062,6.387730,-0.313626,-0.024381,-0.076208
4.620,1194800,9.203311,4.362236,6.028600,-0.327616,-0.067548,-0.087400
4.640,1194820,9.351752,4.371812,5.760449,-0.302701,-0.128035,-0.079806
4.660,1194840,9.035717,4.247314,5.746084,-0.264064,-0.187856,-0.047164
4.680,1194860,8.801085,4.118027,5.731719,-0.213703,-0.206642,-0.021717
4.700,1194880,8.916007,3.960010,5.535394,-0.218632,-0.185724,-0.010259
4.720,1194900,8.743625,3.878607,5.291186,-0.213703,-0.172401,0.009326
4.740,1194920,8.346188,3.768473,5.281609,-0.138294,-0.178930,0.022783
4.760,1194940,7.905654,3.739743,5.367800,-0.138028,-0.122839,0.015322
4.780,1194960,7.551312,3.576937,5.224148,-0.116844,-0.083669,-0.024381
4.800,1194980,7.738060,3.327940,4.869806,-0.106985,-0.069280,-0.055158
4.820,1195000,7.814674,3.102885,4.343082,-0.094461,-0.083003,-0.031443
4.840,1195020,7.661446,2.949656,3.840300,-0.035839,-0.115778,0.045299
4.860,1195040,6.809110,2.762909,3.758897,0.021450,-0.111914,0.116844
4.880,1195060,5.597643,2.715025,3.892972,0.066882,-0.029044,0.134564
4.900,1195080,4.989516,2.485181,3.960010,0.084735,0.098724,0.060887
4.920,1195100,5.439626,2.255338,3.758897,0.098325,0.173201,-0.042234
4.940,1195120,5.880159,2.049437,3.414132,0.093262,0.204110,-0.100856
4.960,1195140,5.051765,1.953669,3.385401,0.070879,0.248743,-0.115511
4.980,1195160,4.673482,2.145205,3.605668,0.055025,0.279253,-0.174799
5.000,1195180,4.405331,2.188300,3.447650,-0.007328,0.374913,-0.225827
5.020,1195200,4.343082,2.030283,3.284845,-0.033308,0.412351,-0.213969
5.040,1195220,4.797980,2.078167,3.217807,-0.037038,0.268061,-0.126170
5.060,1195240,6.186617,2.370260,3.366248,-0.032775,0.037172,0.001732
5.080,1195260,7.493851,2.638410,3.620033,-0.004530,-0.159211,0.121107
5.100,1195280,8.437167,2.968810,3.940856,0.010658,-0.310162,0.223029
5.120,1195300,9.184157,3.433285,4.362236,0.000799,-0.396763,0.287779
5.140,1195320,9.543288,3.596091,4.400543,-0.008127,-0.375446,0.251807
5.160,1195340,9.658210,3.514688,4.031836,-0.015721,-0.375845,0.209440
5.180,1195360,9.955091,3.629610,3.912126,-0.044632,-0.399028,0.162675
5.200,1195380,9.241618,3.653552,4.027047,-0.063418,-0.349466,0.125237
5.220,1195400,7.872135,3.672705,4.266468,-0.051960,-0.238484,0.054092
5.240,1195420,7.699753,3.572149,4.381389,-0.032908,-0.105119,-0.033175
5.260,1195440,8.236053,3.538630,4.285621,-0.034240,0.011058,-0.072078
5.280,1195460,8.834604,3.505111,4.189853,-0.056224,0.067149,-0.048896
5.300,1195480,9.284714,3.576937,4.103662,-0.070746,0.033974,0.020251
5.320,1195500,9.471462,3.639187,4.223372,-0.064750,-0.026513,0.088066
5.340,1195520,9.433155,3.653552,4.381389,-0.039170,-0.057423,0.137761
5.360,1195540,8.801085,3.581726,4.462792,-0.024115,-0.017453,0.161210
5.380,1195560,8.887277,3.533842,4.309563,0.010525,0.004930,0.150285
5.400,1195580,9.198523,3.471592,4.017470,0.046498,0.017453,0.154815
5.420,1195600,9.255983,3.452439,3.768473,0.084469,0.024781,0.185458
5.440,1195620,9.155427,3.275268,3.548207,0.165074,0.026646,0.256204
5.460,1195640,8.911219,3.275268,3.620033,0.206908,0.073677,0.331213
5.480,1195660,8.738836,3.299210,3.902549,0.261533,0.148020,0.342404
5.500,1195680,8.446744,3.251326,4.261679,0.290444,0.228225,0.284715
5.520,1195700,8.585608,3.227384,4.438850,0.279519,0.289645,0.177730
5.540,1195720,8.968679,3.064578,4.462792,0.254205,0.310695,0.080338
5.560,1195740,9.275137,2.906561,4.486734,0.209306,0.265397,0.017853
5.580,1195760,9.528923,2.877831,4.448427,0.170936,0.191587,0.002798
5.600,1195780,9.399636,2.868254,4.362236,0.127902,0.126836,0.029044
5.620,1195800,8.858546,2.825158,4.122815,0.101522,0.070346,0.057822
5.640,1195820,8.935161,2.734178,4.036624,0.100323,-0.008394,0.064884
5.660,1195840,9.437943,2.561796,3.869030,0.099657,-0.089531,0.136962
5.680,1195860,9.323022,2.681506,3.816358,0.062885,-0.144289,0.221430
5.700,1195880,8.547300,2.758120,3.811569,0.006395,-0.079139,0.229024
5.720,1195900,7.575254,2.695871,3.782839,-0.013190,0.005329,0.187456
5.740,1195920,7.268796,2.801216,4.180276,-0.017054,0.086201,0.057023
5.760,1195940,7.149086,2.729390,4.362236,-0.028778,0.210106,-0.075009
5.780,1195960,7.747637,2.772485,4.338294,-0.067948,0.216900,-0.206642
5.800,1195980,7.762002,2.279280,3.778050,-0.103254,0.242481,-0.213836
5.820,1196000,6.311116,2.063802,3.615245,-0.168671,0.181594,-0.128568
5.840,1196020,5.521029,2.446874,3.892972,-0.185058,0.117110,-0.102188
5.860,1196040,4.754885,2.561796,4.232949,-0.168404,0.137361,-0.158145
5.880,1196060,5.181053,2.427721,4.118027,-0.156547,0.060221,-0.158945
5.900,1196080,6.962338,2.293645,3.610456,-0.152550,-0.108583,-0.072744
5.920,1196100,7.570466,2.403779,3.543418,-0.185191,-0.194118,0.012257
5.940,1196120,7.417237,2.695871,4.017470,-0.199047,-0.206642,0.030377
5.960,1196140,5.559336,2.446874,4.079720,-0.230224,-0.067282,0.032109
5.980,1196160,5.980716,2.456451,4.098873,-0.229557,-0.151484,0.025714
6.000,1196180,8.863335,2.585738,3.371036,-0.196116,-0.289378,0.041835
6.020,1196200,9.696517,2.997540,3.744531,-0.236619,-0.286314,0.064617
6.040,1196220,8.025364,3.179500,4.481946,-0.245145,-0.141758,0.027179
6.060,1196240,7.129933,2.892196,4.687847,-0.232489,-0.004263,-0.033175
6.080,1196260,8.259995,2.734178,4.113238,-0.204110,0.036505,-0.011858
6.100,1196280,8.887277,3.198653,3.950433,-0.192519,0.061286,-0.019851
6.120,1196300,8.279149,3.931279,4.572925,-0.119508,0.141891,-0.181194
6.140,1196320,7.718906,3.964798,5.286397,0.025314,0.355994,-0.403691
6.160,1196340,8.322245,3.366248,5.439626,0.129634,0.606469,-0.453919
6.180,1196360,9.361329,3.576937,5.023035,0.061819,0.728508,-0.342404
6.200,1196380,10.055647,4.419696,5.420473,0.040236,0.614196,-0.291377
6.220,1196400,10.017340,4.592079,5.937620,0.049296,0.444193,-0.334810
6.240,1196420,9.734824,4.414908,6.406884,0.008394,0.285914,-0.341072
6.260,1196440,9.442732,4.314352,6.526594,-0.067415,0.245412,-0.309363
6.280,1196460,9.155427,4.544195,6.493075,-0.130567,0.173067,-0.275123
6.300,1196480,9.351752,4.946421,6.387730,-0.173600,0.059021,-0.264864
6.320,1196500,9.260772,5.066131,6.138733,-0.183459,-0.016654,-0.239283
6.340,1196520,8.542512,5.114015,6.291962,-0.182793,-0.056890,-0.201046
6.360,1196540,8.508993,5.200206,6.521805,-0.159211,-0.072211,-0.159877
6.380,1196560,9.059659,5.243302,6.488286,-0.158145,-0.081671,-0.110715
6.400,1196580,9.658210,5.276821,6.119579,-0.175599,-0.132698,-0.025181
6.420,1196600,9.050082,5.300763,6.143522,-0.168005,-0.132165,0.083802
6.440,1196620,8.451532,4.984728,6.454768,-0.109383,-0.139227,0.172002
6.460,1196640,9.572019,4.898537,6.229713,-0.094861,-0.226760,0.239949
6.480,1196660,10.960655,4.965574,5.741296,-0.103654,-0.404224,0.295240
6.500,1196680,10.587160,5.018247,5.808333,-0.103521,-0.487360,0.359325
6.520,1196700,9.974244,4.946421,6.382942,-0.077940,-0.509210,0.402092
6.540,1196720,10.568007,4.884171,6.641516,-0.116577,-0.454585,0.410086
6.560,1196740,11.544841,4.908113,6.517017,-0.205842,-0.383972,0.373580
6.580,1196760,11.947066,5.200206,6.679823,-0.253139,-0.303767,0.320688
6.600,1196780,12.612655,5.430049,6.799533,-0.233554,-0.265130,0.279119
6.620,1196800,13.316550,5.597643,7.034164,-0.206775,-0.245279,0.259801
6.640,1196820,13.412318,5.583278,7.115568,-0.177997,-0.220897,0.191320
6.660,1196840,13.546393,5.396531,6.947973,-0.137228,-0.216368,0.099790
6.680,1196860,13.048399,4.999093,6.818686,-0.138560,-0.175466,0.062619
6.700,1196880,12.526464,4.783615,6.732495,-0.167472,-0.155081,0.057556
6.720,1196900,12.263102,4.654328,6.588843,-0.201579,-0.138028,0.050894
6.740,1196920,11.674128,4.525041,6.354211,-0.246211,-0.114579,0.036372
6.760,1196940,11.228806,4.520253,6.306327,-0.261533,-0.109649,-0.029178
6.780,1196960,11.118672,4.472369,6.224925,-0.266196,-0.119109,-0.100190
6.800,1196980,10.802638,4.400543,6.215348,-0.262998,-0.104187,-0.141225
6.820,1197000,10.500969,4.434062,6.177041,-0.241415,-0.078873,-0.174533
6.840,1197020,10.184934,4.314352,6.133945,-0.215168,-0.025980,-0.184525
6.860,1197040,10.117896,4.031836,5.741296,-0.193585,0.008660,-0.191320
6.880,1197060,10.122684,3.969586,5.415684,-0.174000,0.010126,-0.159611
6.900,1197080,9.935937,4.012682,5.161899,-0.163874,-0.027579,-0.122040
6.920,1197100,9.533711,4.012682,4.860229,-0.160677,-0.065683,-0.126170
6.940,1197120,8.820239,3.778050,4.525041,-0.136029,-0.065150,-0.127502
6.960,1197140,8.030152,3.347094,4.151546,-0.111648,-0.053426,-0.122972
6.980,1197160,7.532158,2.973598,3.916914,-0.111115,-0.030776,-0.132965
7.000,1197180,7.618350,2.815581,3.854665,-0.090064,-0.009193,-0.179462
7.020,1197200,7.642292,2.815581,3.902549,-0.103121,0.097525,-0.210639
7.040,1197220,6.833052,2.896984,4.094085,-0.146821,0.283916,-0.239550
7.060,1197240,6.430826,2.887407,4.237737,-0.147620,0.408220,-0.325084
7.080,1197260,7.489063,3.035848,4.141969,-0.104587,0.409286,-0.403691
7.100,1197280,8.216900,3.055001,3.936068,-0.088998,0.429404,-0.372914
7.120,1197300,7.570466,3.011906,4.060566,-0.112714,0.393032,-0.251008
7.140,1197320,7.139510,3.145981,4.400543,-0.106718,0.320554,-0.210372
7.160,1197340,7.086837,3.174711,4.611232,-0.079672,0.313093,-0.247677
7.180,1197360,6.718130,2.949656,4.367024,-0.067948,0.396363,-0.261133
7.200,1197380,6.244078,3.136404,4.592079,-0.074077,0.414882,-0.277920
7.220,1197400,7.431602,3.198653,4.544195,-0.030643,0.340139,-0.345602
7.240,1197420,7.742848,2.557007,3.711013,-0.056890,0.353995,-0.287113
7.260,1197440,7.053318,2.207454,3.442862,-0.099657,0.240882,-0.125770
7.280,1197460,6.766014,2.202666,3.150769,-0.098458,0.097126,-0.014522
7.300,1197480,6.612785,2.398990,3.011906,-0.115511,-0.058489,0.035040
7.320,1197500,6.392519,2.528277,3.007117,-0.153749,-0.143757,0.062086
7.340,1197520,6.133945,2.279280,3.112462,-0.109783,-0.194651,0.038104
7.360,1197540,5.889736,2.130840,3.107674,-0.041168,-0.260467,0.012923
7.380,1197560,5.908890,2.427721,3.749320,-0.009459,-0.290977,-0.021450
7.400,1197580,6.354211,2.911349,4.295198,-0.011991,-0.172401,-0.086334
7.420,1197600,7.374141,3.280056,4.419696,-0.050628,-0.056090,-0.142957
7.440,1197620,8.614338,3.600879,4.347870,-0.060354,-0.019585,-0.144956
7.460,1197640,9.174581,4.012682,4.668694,-0.058222,0.011991,-0.101789
7.480,1197660,8.518570,4.141969,5.128380,-0.072345,0.062619,-0.065816
7.500,1197680,9.801862,4.314352,5.324705,-0.060087,-0.006528,-0.069547
7.520,1197700,9.667787,3.835511,4.678270,-0.071012,0.018652,-0.014522
7.540,1197720,8.772355,3.825934,4.850653,-0.090864,-0.097259,0.073810
7.560,1197740,8.212111,3.988740,4.994305,-0.064217,-0.137228,0.096726
7.580,1197760,7.848193,4.041412,4.912902,-0.033175,-0.090464,0.081671
7.600,1197780,7.762002,4.127604,4.979939,-0.005596,-0.079006,0.063285
7.620,1197800,8.825027,4.242526,4.989516,0.047697,-0.090464,0.000533
7.640,1197820,8.671799,3.902549,4.764462,0.068614,-0.049162,-0.001865
7.660,1197840,8.848969,3.782839,4.754885,0.059421,-0.081804,0.019052
7.680,1197860,9.097966,3.634398,4.596867,0.038504,-0.098058,0.057556
7.700,1197880,8.954314,3.586514,4.472369,0.008926,-0.104054,0.102322
7.720,1197900,8.796297,3.615245,4.477157,-0.026646,-0.102455,0.120574
7.740,1197920,8.858546,3.514688,4.381389,-0.052893,-0.071412,0.122972
7.760,1197940,8.801085,3.414132,4.228160,-0.080072,-0.075142,0.115245
7.780,1197960,9.040505,3.399766,4.165911,-0.089798,-0.083669,0.110182
7.800,1197980,8.839393,3.438074,4.209007,-0.094861,-0.059688,0.105919
7.820,1198000,8.638280,3.514688,4.414908,-0.100190,-0.053959,0.060221
7.840,1198020,8.671799,3.466804,4.400543,-0.100590,-0.023449,0.005329
7.860,1198040,8.916007,3.414132,4.261679,-0.110582,-0.004263,-0.024381
7.880,1198060,9.078813,3.323152,4.170700,-0.115911,-0.021717,-0.037704
7.900,1198080,9.078813,3.236961,4.113238,-0.102055,-0.038637,-0.037305
7.920,1198100,8.839393,3.179500,4.089296,-0.106585,-0.037305,-0.028778
7.940,1198120,8.781932,3.169923,4.036624,-0.121374,-0.050228,-0.033175
7.960,1198140,9.131485,3.251326,3.878607,-0.128701,-0.104054,-0.041435
7.980,1198160,9.404425,3.169923,3.505111,-0.109250,-0.154815,-0.021850
8.000,1198180,8.609550,3.045424,3.538630,-0.110848,-0.190654,0.009193
8.020,1198200,8.054094,3.045424,3.624821,-0.096726,-0.189855,0.014789
8.040,1198220,7.671022,2.930503,3.605668,-0.090198,-0.139893,0.012524
8.060,1198240,7.517793,2.786851,3.409343,-0.099923,-0.116577,0.022383
8.080,1198260,7.862558,2.834735,3.433285,-0.104720,-0.131632,0.034640
8.100,1198280,7.297527,2.585738,3.476381,-0.111248,-0.065949,0.061286
8.120,1198300,5.861006,2.346318,3.495534,-0.139227,0.024248,0.088865
8.140,1198320,6.090849,2.667141,3.711013,-0.143357,0.007994,0.064750
8.160,1198340,7.455544,2.911349,3.801992,-0.116844,0.028778,0.000000
8.180,1198360,7.967903,2.940080,4.074931,-0.135496,0.051960,-0.060087
8.200,1198380,6.919243,2.595315,3.768473,-0.192786,0.108184,-0.018519
8.220,1198400,5.865794,2.892196,4.194642,-0.238617,0.091663,0.005196
8.240,1198420,6.507440,3.428497,4.721366,-0.216634,0.096193,-0.077141
8.260,1198440,8.006210,3.801992,5.023035,-0.188922,0.122839,-0.217833
8.280,1198460,8.868123,3.519476,4.644751,-0.165207,0.148819,-0.227159
8.300,1198480,8.063671,3.112462,4.357447,-0.200247,0.120308,-0.097392
8.320,1198500,6.588843,3.342306,4.841076,-0.236219,0.069014,-0.037038
8.340,1198520,7.359776,3.907337,5.439626,-0.219432,0.041168,-0.155481
8.360,1198540,8.949526,3.787627,5.114015,-0.291110,0.015855,-0.231556
8.380,1198560,9.203311,3.639187,4.764462,-0.295374,0.024115,-0.102188
8.400,1198580,7.905654,3.782839,5.152322,-0.257403,0.054358,0.028911
8.420,1198600,7.043741,4.309563,5.741296,-0.190787,0.134564,-0.023049
8.440,1198620,7.819463,4.491522,5.870583,-0.112447,0.174400,-0.137628
8.460,1198640,9.141062,4.295198,5.626374,-0.077008,0.155348,-0.168138
8.480,1198660,9.509769,4.175488,5.482722,-0.067282,0.119775,-0.077541
8.500,1198680,8.911219,4.548983,5.894525,-0.060620,0.101522,-0.017187
8.520,1198700,9.083601,4.855441,6.076484,-0.035972,0.076475,-0.092196
8.540,1198720,9.543288,4.783615,5.774815,-0.024648,0.062086,-0.139227
8.560,1198740,9.763555,4.376601,5.664681,-0.015188,0.041168,-0.096593
8.580,1198760,9.404425,4.223372,5.631162,-0.042101,0.049429,0.011591
8.600,1198780,9.121908,4.606444,5.770026,-0.043700,0.057289,0.085002
8.620,1198800,9.361329,4.711789,5.789180,-0.031043,0.053159,0.069014
8.640,1198820,9.624691,4.252102,5.607220,-0.028245,0.031576,0.062619
8.660,1198840,10.002975,4.017470,5.324705,-0.047297,0.069547,0.119508
8.680,1198860,9.787497,4.118027,5.358223,-0.021583,0.113513,0.238484
8.700,1198880,9.471462,4.060566,5.171476,0.076075,-0.027712,0.317357
8.720,1198900,9.562442,3.643975,4.548983,0.140959,-0.191453,0.288579
8.740,1198920,8.671799,3.342306,4.841076,0.092995,-0.276055,0.204643
8.760,1198940,7.733272,3.428497,5.415684,-0.000666,-0.203178,0.123239
8.780,1198960,7.924808,3.835511,5.741296,-0.051560,-0.036905,0.096326
8.800,1198980,8.667010,4.261679,5.755661,-0.067015,0.095260,0.052893
8.820,1199000,9.131485,4.496311,5.880159,-0.058089,0.090864,-0.057956
8.840,1199020,9.605537,4.687847,6.052542,-0.035972,0.019319,-0.125637
8.860,1199040,10.189722,4.888960,6.382942,-0.053559,-0.079406,-0.102588
8.880,1199060,10.783484,5.415684,6.603208,-0.109116,-0.119508,-0.047164
8.900,1199080,11.013328,5.913678,7.000646,-0.124571,-0.133098,-0.036905
8.920,1199100,11.654974,6.349423,7.230489,-0.133098,-0.132032,-0.058355
8.940,1199120,12.349293,6.722919,7.431602,-0.147620,-0.122306,-0.077807
8.960,1199140,12.919112,6.962338,7.747637,-0.165340,-0.071012,-0.068614
8.980,1199160,13.067553,6.924031,7.891289,-0.189988,-0.002265,-0.022649
9.000,1199180,12.976573,6.560112,7.589619,-0.215168,0.015988,0.018119
9.020,1199200,12.789825,5.913678,7.139510,-0.227692,-0.055158,0.079406
9.040,1199220,12.545617,5.487510,6.718130,-0.228092,-0.164674,0.149352
9.060,1199240,11.511322,5.310339,6.545747,-0.228492,-0.243014,0.188256
9.080,1199260,10.649409,5.094861,6.315904,-0.173867,-0.285914,0.156946
9.100,1199280,10.055647,4.735731,5.875371,-0.130433,-0.283916,0.120841
9.120,1199300,9.576807,4.309563,5.525817,-0.116977,-0.253939,0.088466
9.140,1199320,9.414001,3.998317,5.262455,-0.110315,-0.253672,0.072078
9.160,1199340,9.361329,3.950433,5.209783,-0.120574,-0.247544,0.061153
9.180,1199360,8.767567,3.859453,5.295974,-0.144289,-0.223962,0.047564
9.200,1199380,8.532935,3.672705,4.946421,-0.147087,-0.197315,0.019452
9.220,1199400,8.350976,3.529053,4.577713,-0.158412,-0.174799,0.013723
9.240,1199420,8.145074,3.332729,4.381389,-0.160544,-0.165740,0.006662
9.260,1199440,7.790732,3.260903,4.395754,-0.165873,-0.127236,-0.012923
9.280,1199460,7.331046,3.184288,4.558560,-0.187057,-0.038104,-0.059021
9.300,1199480,7.187394,3.078943,4.424485,-0.235553,0.059421,-0.126303
9.320,1199500,7.647080,2.964022,3.936068,-0.231423,0.072211,-0.154415
9.340,1199520,8.183381,2.968810,3.624821,-0.204776,0.022383,-0.136296
9.360,1199540,8.082825,2.892196,3.605668,-0.154815,-0.017587,-0.084469
9.380,1199560,7.580042,2.863465,3.801992,-0.124971,-0.034907,-0.054092
9.400,1199580,7.393295,2.810793,3.902549,-0.121640,-0.024115,-0.065683
9.420,1199600,7.795521,2.671929,3.701436,-0.139493,-0.012524,-0.082470
9.440,1199620,7.680599,2.662352,3.438074,-0.152283,-0.002132,-0.062885
9.460,1199640,7.110779,2.944868,3.385401,-0.109516,0.025580,-0.048629
9.480,1199660,5.482722,3.251326,3.897760,-0.045032,0.170003,-0.132965
9.500,1199680,4.314352,3.016694,4.060566,0.009060,0.374913,-0.297772
9.520,1199700,5.497087,2.504335,3.624821,0.034907,0.475369,-0.387436
9.540,1199720,7.072472,2.279280,3.102885,-0.010392,0.483763,-0.304700
9.560,1199740,7.417237,2.331953,2.973598,-0.023982,0.417147,-0.164008
9.580,1199760,6.402095,2.365471,3.193865,-0.007461,0.342138,-0.084735
9.600,1199780,6.718130,2.533065,3.485958,0.025447,0.240083,-0.079406
9.620,1199800,7.852982,2.628834,3.586514,0.058355,0.134430,-0.064884
9.640,1199820,8.652645,2.892196,3.711013,0.064484,0.012923,-0.001599
9.660,1199840,9.088389,3.256114,4.209007,0.078340,-0.079406,0.041435
9.680,1199860,9.634268,3.289633,4.271256,0.077407,-0.125770,0.049695
9.700,1199880,10.146626,3.294421,4.170700,0.063152,-0.176798,0.071012
9.720,1199900,10.103531,3.351882,4.209007,0.043567,-0.229291,0.097925
9.740,1199920,9.524135,3.394978,4.352659,-0.010126,-0.219432,0.101123
9.760,1199940,8.288726,3.466804,4.458004,-0.094194,-0.146821,0.077940
9.780,1199960,7.599196,3.548207,4.663905,-0.143890,-0.062619,-0.023049
9.800,1199980,7.958326,3.610456,4.544195,-0.127236,0.043833,-0.120841
9.820,1200000,8.379706,3.658340,4.582502,-0.146421,0.114845,-0.168005
9.840,1200020,8.853758,3.677494,4.419696,-0.150818,0.119375,-0.152816
9.860,1200040,9.232041,3.701436,4.352659,-0.123772,0.100989,-0.099790
9.880,1200060,9.284714,3.768473,4.529830,-0.086467,0.062885,-0.046098
9.900,1200080,9.370906,3.691859,4.568137,-0.082470,0.017320,-0.011591
9.920,1200100,9.409213,3.600879,4.510676,-0.112447,-0.014655,0.025847
9.940,1200120,9.452309,3.471592,4.319140,-0.119908,-0.067415,0.061020
9.960,1200140,9.246407,3.313575,4.204218,-0.110982,-0.088466,0.085801
9.980,1200160,9.021352,3.284845,4.247314,-0.104720,-0.097792,0.094061
10.000,1200180,8.853758,3.318364,4.252102,-0.095660,-0.058355,0.079939
10.020,1200200,8.810662,3.313575,4.165911,-0.096593,-0.019452,0.042368
10.040,1200220,8.911219,3.275268,4.165911,-0.096459,0.006528,-0.002265
10.060,1200240,9.026140,3.232172,4.146757,-0.081005,0.019319,-0.033175
10.080,1200260,8.796297,3.193865,4.247314,-0.083936,0.041435,-0.051827
10.100,1200280,8.623915,3.251326,4.362236,-0.111914,0.079539,-0.079273
10.120,1200300,8.853758,3.284845,4.458004,-0.131899,0.116311,-0.126836
10.140,1200320,9.165004,3.165135,4.290410,-0.161343,0.108983,-0.146288
10.160,1200340,9.313444,3.102885,4.146757,-0.185325,0.061420,-0.125371
10.180,1200360,8.944737,3.165135,4.127604,-0.201046,0.013989,-0.096326
10.200,1200380,8.422802,3.303998,4.443638,-0.207841,0.021583,-0.120841
10.220,1200400,8.173804,3.342306,4.587290,-0.214902,0.082204,-0.162276
10.240,1200420,8.317456,3.299210,4.501099,-0.249542,0.105519,-0.184925
10.260,1200440,8.532935,3.208230,4.299986,-0.265397,0.108850,-0.164541
10.280,1200460,8.499416,3.414132,4.352659,-0.251807,0.120574,-0.106851
10.300,1200480,8.145074,3.639187,4.726154,-0.226893,0.150018,-0.083669
10.320,1200500,7.857770,3.682282,4.793192,-0.206775,0.155881,-0.101389
10.340,1200520,8.288726,3.639187,4.606444,-0.180395,0.148553,-0.112714
10.360,1200540,8.240842,3.495534,4.481946,-0.155348,0.151750,-0.097126
10.380,1200560,7.843405,3.438074,4.467580,-0.122706,0.144689,-0.056490
10.400,1200580,7.407660,3.466804,4.544195,-0.099524,0.117776,-0.023982
10.420,1200600,7.240066,3.390190,4.529830,-0.092063,0.116577,-0.030377
10.440,1200620,7.086837,3.246537,4.419696,-0.092995,0.138694,-0.033708
10.460,1200640,6.876147,3.203442,4.443638,-0.101123,0.147620,-0.039836
10.480,1200660,6.852205,3.308787,4.381389,-0.083403,0.147087,-0.028645
10.500,1200680,6.411672,3.265691,4.390966,-0.065150,0.146554,-0.004930
10.520,1200700,6.368577,3.280056,4.596867,-0.066482,0.123505,-0.006795
10.540,1200720,7.144298,3.294421,4.544195,-0.061020,0.116711,-0.032642
10.560,1200740,7.038953,3.193865,4.711789,-0.063551,0.105253,-0.023182
10.580,1200760,7.182605,3.318364,4.865018,-0.078340,0.040902,0.003198
10.600,1200780,5.951985,3.035848,4.678270,-0.072611,0.111781,0.065017
10.620,1200800,5.377377,3.236961,5.190629,-0.082603,0.103654,0.039037
10.640,1200820,6.607996,3.318364,5.181053,-0.041701,0.133231,-0.039570
10.660,1200840,8.154651,3.476381,5.243302,-0.073410,0.073144,-0.069413
10.680,1200860,8.528147,3.466804,4.817134,-0.060221,0.071279,-0.007328
10.700,1200880,6.698977,3.270479,5.090073,-0.029444,0.154282,0.058089
10.720,1200900,6.349423,3.414132,5.559336,-0.028112,0.124971,0.004397
10.740,1200920,8.010999,3.524265,5.492299,-0.049562,0.057289,-0.082204
10.760,1200940,9.773131,3.677494,4.774038,-0.065417,-0.009593,-0.079539
10.780,1200960,8.542512,3.931279,5.003881,-0.051427,0.036639,-0.034240
10.800,1200980,6.679823,4.003105,5.736507,-0.022383,0.088865,-0.079006
10.820,1201000,6.823475,4.108450,6.033388,-0.021450,0.088998,-0.130966
10.840,1201020,8.571242,4.141969,5.669470,-0.049029,0.054625,-0.127769
10.860,1201040,9.476251,4.180276,5.300763,-0.040502,0.054358,-0.026779
10.880,1201060,8.872911,4.505888,5.837064,-0.046764,0.034773,-0.015855
10.900,1201080,8.494628,4.601655,6.138733,-0.041835,0.041701,-0.100190
10.920,1201100,8.355764,4.572925,6.023811,-0.062352,0.071412,-0.171069
10.940,1201120,8.662222,4.606444,5.942409,-0.086201,0.077274,-0.227825
10.960,1201140,8.906430,4.730943,6.129156,-0.112980,0.066482,-0.239550
10.980,1201160,9.232041,4.836287,6.229713,-0.135230,0.054358,-0.193319
11.000,1201180,8.978256,4.845864,6.133945,-0.173201,0.055025,-0.115112
11.020,1201200,8.753201,4.826711,6.076484,-0.188789,0.018652,-0.058888
11.040,1201220,8.561666,4.845864,6.157887,-0.190654,0.000933,-0.021983
11.060,1201240,8.844181,4.740520,6.272809,-0.178263,-0.049429,-0.004663
11.080,1201260,9.117120,4.639963,6.291962,-0.177331,-0.086467,0.029044
11.100,1201280,8.935161,4.716578,6.248867,-0.185591,-0.081937,0.078473
11.120,1201300,8.896853,5.027823,6.445191,-0.163874,-0.060620,0.085534
11.140,1201320,9.303867,5.181053,6.828263,-0.120175,-0.061153,0.047297
11.160,1201340,9.658210,5.099649,7.072472,-0.116577,-0.074476,0.044899
11.180,1201360,9.840169,5.248090,7.383718,-0.152150,-0.083003,0.045698
11.200,1201380,10.405201,5.655105,7.627927,-0.176531,-0.077274,0.030243
11.220,1201400,11.085154,6.014235,7.728483,-0.157213,-0.090864,0.036239
11.240,1201420,11.635820,6.339846,7.900866,-0.078606,-0.092596,0.069547
11.260,1201440,11.865664,6.526594,8.207323,0.019585,-0.092995,0.086734
11.280,1201460,12.109872,6.416461,8.494628,0.079273,-0.060620,0.092462
11.300,1201480,12.449849,6.454768,8.695741,0.041302,-0.061553,0.112847
11.320,1201500,12.588713,6.545747,8.499416,-0.003997,-0.076342,0.104453
11.340,1201520,12.454638,6.493075,8.121132,-0.000666,-0.131366,0.049562
11.360,1201540,11.999739,6.234501,7.618350,0.000533,-0.181861,0.040369
11.380,1201560,11.329363,5.923255,7.359776,0.008260,-0.215835,0.079939
11.400,1201580,10.745177,5.640739,7.153875,0.037038,-0.224228,0.136562
11.420,1201600,10.314221,5.444415,6.900089,0.059021,-0.229024,0.161077
11.440,1201620,9.706094,5.219360,6.727707,0.072078,-0.188256,0.163208
11.460,1201640,9.251195,4.994305,6.675035,0.084868,-0.157213,0.150951
11.480,1201660,9.323022,4.821922,6.473921,0.083936,-0.180928,0.134430
11.500,1201680,9.351752,4.639963,6.100426,0.090331,-0.250608,0.131766
11.520,1201700,9.054871,4.390966,5.913678,0.075142,-0.280052,0.134564
11.540,1201720,8.264784,4.098873,5.712565,0.040502,-0.235953,0.131766
11.560,1201740,7.714118,3.902549,5.607220,0.001865,-0.160810,0.097525
11.580,1201760,7.805098,3.739743,5.195418,-0.051560,-0.128701,0.037438
11.600,1201780,7.934384,3.509900,4.649539,-0.068081,-0.133764,-0.002398
11.620,1201800,7.675811,3.270479,4.481946,-0.092196,-0.129501,0.006528
11.640,1201820,7.024588,3.203442,4.525041,-0.114579,-0.041035,0.016387
11.660,1201840,6.311116,3.141193,4.630386,-0.142824,0.070479,-0.009726
11.680,1201860,6.454768,3.031059,4.405331,-0.142557,0.131632,-0.084202
11.700,1201880,6.957550,2.844312,4.050989,-0.141625,0.141492,-0.153882
11.720,1201900,7.058106,2.892196,3.792415,-0.137495,0.140959,-0.165340
11.740,1201920,6.550536,3.088520,3.945644,-0.123905,0.157479,-0.174666
11.760,1201940,6.224925,3.011906,4.094085,-0.102322,0.207441,-0.221963
11.780,1201960,6.148310,2.806004,3.921702,-0.083669,0.270859,-0.260201
11.800,1201980,5.990293,2.686294,3.615245,-0.076741,0.319222,-0.272858
11.820,1202000,6.291962,2.662352,3.715801,-0.091263,0.272724,-0.283116
11.840,1202020,6.914454,2.518700,3.428497,-0.082737,0.211038,-0.245412
11.860,1202040,7.000646,2.590526,3.303998,-0.087400,0.144689,-0.147487
11.880,1202060,6.220136,2.987964,3.677494,-0.072211,0.143890,-0.102055
11.900,1202080,5.315128,3.251326,4.218584,-0.057689,0.239683,-0.147887
11.920,1202100,5.439626,3.074155,4.419696,-0.036772,0.301902,-0.239683
11.940,1202120,7.110779,2.815581,3.830723,-0.030910,0.283383,-0.252606
11.960,1202140,8.341399,2.633622,3.399766,-0.032642,0.156680,-0.139093
11.980,1202160,8.580819,3.016694,3.610456,-0.039436,-0.003597,-0.019452
12.000,1202180,8.250419,3.509900,4.252102,-0.018519,-0.086334,0.043700
12.020,1202200,7.958326,3.543418,4.486734,-0.004930,-0.105919,0.036372
12.040,1202220,8.777143,3.476381,4.314352,0.011991,-0.159877,0.038371
12.060,1202240,9.399636,3.634398,4.400543,0.003331,-0.194118,0.101123
12.080,1202260,9.083601,3.825934,4.625597,-0.006129,-0.182793,0.181061
12.100,1202280,8.269572,4.027047,4.946421,-0.001732,-0.144156,0.188922
12.120,1202300,8.140285,4.050989,4.932055,0.028378,-0.098724,0.146021
12.140,1202320,8.542512,3.955221,4.769250,0.048763,-0.060087,0.105386
12.160,1202340,8.710106,3.811569,4.639963,0.063951,-0.045832,0.087400
12.180,1202360,8.599973,3.778050,4.663905,0.067815,-0.062619,0.066083
12.200,1202380,8.537724,3.801992,4.726154,0.066083,-0.079139,0.047430
12.220,1202400,8.422802,3.883395,4.831499,0.040902,-0.070080,0.022783
12.240,1202420,8.480263,3.936068,4.750096,0.030377,-0.050361,0.007727
12.260,1202440,8.623915,3.998317,4.697424,0.018253,-0.034773,0.003464
12.280,1202460,8.767567,3.950433,4.616021,0.002931,-0.019985,0.001599
12.300,1202480,8.911219,3.849876,4.510676,-0.010259,-0.022383,0.020384
12.320,1202500,8.973468,3.768473,4.419696,-0.020384,-0.043966,0.053692
12.340,1202520,8.987833,3.758897,4.390966,-0.031842,-0.059954,0.057556
12.360,1202540,8.825027,3.658340,4.299986,-0.034640,-0.061020,0.055691
12.380,1202560,8.753201,3.730166,4.271256,-0.036639,-0.050761,0.039037
12.400,1202580,8.647857,3.691859,4.252102,-0.045032,-0.029977,0.009593
12.420,1202600,8.829816,3.629610,4.165911,-0.054358,-0.025047,-0.010126
12.440,1202620,8.633492,3.620033,4.141969,-0.060487,-0.006662,-0.010925
12.460,1202640,8.465898,3.672705,4.218584,-0.065417,0.012923,-0.024381
12.480,1202660,8.437167,3.634398,4.232949,-0.078606,0.046897,-0.048629
12.500,1202680,8.743625,3.591303,4.161122,-0.093528,0.040769,-0.064351
12.520,1202700,8.738836,3.572149,4.122815,-0.106718,0.034773,-0.061819
12.540,1202720,8.432379,3.533842,4.237737,-0.114446,0.048763,-0.051560
12.560,1202740,8.212111,3.409343,4.079720,-0.111381,0.080472,-0.030110
12.580,1202760,8.418014,3.457227,4.003105,-0.104720,0.077541,-0.021317
12.600,1202780,8.255207,3.337517,4.003105,-0.090198,0.077008,0.003198
12.620,1202800,8.231265,3.481169,4.185065,-0.077674,0.079139,0.005329
12.640,1202820,7.532158,3.280056,4.189853,-0.075675,0.141625,-0.010658
12.660,1202840,6.698977,2.901772,3.936068,-0.084469,0.165740,-0.039303
12.680,1202860,7.680599,2.997540,3.940856,-0.078473,0.091530,-0.043034
12.700,1202880,8.116343,3.102885,3.706224,-0.064750,0.097525,0.019319
12.720,1202900,6.933608,3.107674,3.955221,-0.053959,0.100190,0.052493
12.740,1202920,5.631162,2.882619,4.060566,-0.042767,0.146021,0.021450
12.760,1202940,5.291186,2.829947,4.070143,-0.041168,0.170403,-0.022116
12.780,1202960,7.603985,3.184288,4.103662,-0.012257,0.079406,-0.053692
12.800,1202980,7.867347,3.246537,3.921702,-0.042634,0.079006,-0.000666
12.820,1203000,6.689400,3.251326,4.113238,-0.038104,0.063685,0.071945
12.840,1203020,4.357447,3.040636,4.481946,-0.054758,0.151084,0.067149
12.860,1203040,5.707777,3.663129,5.152322,-0.047430,0.104187,-0.058089
12.880,1203060,8.839393,3.744531,4.616021,-0.040902,0.036905,-0.159078
12.900,1203080,9.519346,3.687071,4.170700,-0.077940,0.001998,-0.068081
12.920,1203100,6.856994,3.624821,4.788404,-0.075942,0.035839,0.099257
12.940,1203120,5.042189,3.921702,5.425261,-0.039436,0.120441,0.079273
12.960,1203140,6.847417,4.400543,5.650316,-0.011991,0.101256,-0.061020
12.980,1203160,9.926360,4.079720,4.869806,-0.007194,0.033841,-0.079939
13.000,1203180,9.552865,3.758897,4.726154,-0.054225,-0.011591,0.099524
13.020,1203200,7.354988,4.046201,5.492299,-0.079539,-0.025847,0.187856
13.040,1203220,6.584054,4.400543,5.856217,-0.032375,0.003464,0.102322
13.060,1203240,7.900866,4.582502,5.798757,0.008127,0.027979,-0.035972
13.080,1203260,9.414001,4.458004,5.420473,0.005196,0.037704,-0.073677
13.100,1203280,9.150639,4.280833,5.458780,-0.020384,0.035173,-0.012257
13.120,1203300,8.269572,4.515464,5.698200,-0.015188,0.047430,0.004663
13.140,1203320,7.991845,4.735731,5.889736,-0.014123,0.039436,-0.068214
13.160,1203340,8.930372,4.606444,5.664681,-0.010792,0.003198,-0.105119
13.180,1203360,9.361329,4.462792,5.583278,-0.028778,0.005462,-0.056357
13.200,1203380,8.834604,4.683059,5.679047,-0.036505,0.017853,-0.006928
13.220,1203400,8.508993,4.879383,5.750873,-0.016654,0.002665,-0.021317
13.240,1203420,8.504205,4.683059,5.621585,-0.002265,0.007994,-0.018519
13.260,1203440,8.604761,4.553771,5.583278,-0.013456,0.007994,0.007861
13.280,1203460,8.930372,4.534618,5.607220,-0.013456,0.001466,0.029044
13.300,1203480,9.179369,4.759673,5.698200,0.000533,0.000000,0.043567
13.320,1203500,8.906430,5.032612,5.884948,0.009992,-0.018519,0.028911
13.340,1203520,8.954314,4.989516,5.951985,0.020384,-0.045565,-0.018119
13.360,1203540,9.217676,5.051765,6.009446,-0.009726,-0.059821,-0.023715
13.380,1203560,9.289502,5.286397,6.282385,-0.028911,-0.048629,-0.006662
13.400,1203580,9.533711,5.597643,6.603208,-0.026779,-0.020251,0.002265
13.420,1203600,9.830592,5.846641,6.919243,-0.024248,0.020384,-0.002665
13.440,1203620,10.218452,6.023811,7.091625,-0.035440,0.030377,-0.000799
13.460,1203640,11.147403,6.287174,7.077260,-0.038504,-0.010392,0.010525
13.480,1203660,11.678916,6.521805,7.292738,-0.043167,-0.063418,0.032908
13.500,1203680,11.769896,6.622362,7.589619,-0.058089,-0.111248,0.035173
13.520,1203700,11.899182,6.651093,7.608773,-0.104187,-0.122173,0.039836
13.540,1203720,12.133814,6.660669,7.393295,-0.129900,-0.133764,0.045565
13.560,1203740,12.392388,6.636727,7.196970,-0.147753,-0.162809,0.046631
13.580,1203760,12.282255,6.521805,7.053318,-0.140292,-0.173334,0.089132
13.600,1203780,11.779472,6.301539,6.967127,-0.135629,-0.188122,0.126836
13.620,1203800,11.487380,6.162675,6.698977,-0.131233,-0.198381,0.122573
13.640,1203820,11.123461,5.942409,6.397307,-0.134031,-0.190787,0.110582
13.660,1203840,11.037270,5.731719,6.244078,-0.118176,-0.188122,0.132832
13.680,1203860,10.395624,5.592855,6.354211,-0.102455,-0.134830,0.154548
13.700,1203880,9.902418,5.348647,6.268020,-0.074476,-0.093129,0.133498
13.720,1203900,9.835381,5.209783,6.042965,-0.065150,-0.092596,0.091263
13.740,1203920,9.868899,5.085284,5.736507,-0.064351,-0.112980,0.054358
13.760,1203940,9.653421,4.941632,5.583278,-0.055158,-0.133631,0.030243
13.780,1203960,9.323022,4.620809,5.449203,-0.056490,-0.147221,0.063418
13.800,1203980,8.844181,4.175488,5.300763,-0.076608,-0.152417,0.121374
13.820,1204000,8.523358,3.873818,4.970363,-0.120574,-0.173467,0.175466
13.840,1204020,8.384495,4.012682,4.845864,-0.147620,-0.171202,0.188789
13.860,1204040,7.680599,3.926491,4.836287,-0.152150,-0.115645,0.159611
13.880,1204060,7.307104,3.691859,4.630386,-0.153616,-0.041435,0.094061
13.900,1204080,7.369353,3.308787,4.232949,-0.157080,0.017320,0.026247
13.920,1204100,7.498640,3.083732,3.988740,-0.160144,0.041435,-0.029178
13.940,1204120,7.225701,3.145981,4.137180,-0.172401,0.085002,-0.082737
13.960,1204140,6.928820,3.275268,4.343082,-0.170802,0.137228,-0.139760
13.980,1204160,6.909666,3.251326,4.213795,-0.177597,0.205709,-0.172534
14.000,1204180,7.058106,3.112462,3.945644,-0.190654,0.257003,-0.185325
14.020,1204200,7.225701,3.002329,3.754108,-0.196116,0.235153,-0.182793
14.040,1204220,7.627927,2.877831,3.706224,-0.198781,0.190521,-0.170669
14.060,1204240,7.412448,2.786851,3.576937,-0.194251,0.162009,-0.135629
14.080,1204260,6.296751,2.786851,3.835511,-0.193452,0.199181,-0.143090
14.100,1204280,5.904101,2.839523,3.912126,-0.203577,0.249675,-0.227159
14.120,1204300,6.421249,2.619257,3.610456,-0.240616,0.234620,-0.316291
14.140,1204320,6.947973,2.489970,3.270479,-0.286047,0.165606,-0.333478
14.160,1204340,6.483498,2.547431,3.122039,-0.321620,0.130167,-0.292043
14.180,1204360,6.153099,2.820370,3.165135,-0.274323,0.115778,-0.237685
14.200,1204380,5.449203,2.896984,3.380613,-0.204243,0.177730,-0.177464
14.220,1204400,5.238513,3.064578,3.830723,-0.159611,0.208640,-0.161876
14.240,1204420,6.550536,3.112462,3.912126,-0.134564,0.171735,-0.185058
14.260,1204440,7.800309,3.208230,3.806781,-0.149485,0.095127,-0.149219
14.280,1204460,8.863335,3.548207,4.127604,-0.130300,-0.061420,-0.088332
14.300,1204480,9.734824,3.825934,4.491522,-0.069280,-0.188922,-0.022516
14.320,1204500,9.806650,3.744531,4.611232,-0.029444,-0.244479,0.074077
14.340,1204520,9.797073,3.691859,4.395754,-0.028378,-0.330680,0.170669
14.360,1204540,9.490616,3.696647,4.170700,-0.013723,-0.386104,0.233954
14.380,1204560,8.667010,3.548207,4.228160,0.010525,-0.371715,0.247943
14.400,1204580,7.977480,3.394978,4.529830,0.017320,-0.289378,0.213170
14.420,1204600,7.991845,3.342306,4.481946,0.009193,-0.165873,0.152683
14.440,1204620,8.202535,3.404555,4.376601,-0.010792,-0.063685,0.098191
14.460,1204640,8.595184,3.423708,4.290410,-0.004796,-0.005596,0.053026
14.480,1204660,8.863335,3.548207,4.304775,-0.003198,0.031309,0.039969
14.500,1204680,8.729259,3.696647,4.553771,0.002931,0.064750,0.038104
14.520,1204700,8.585608,3.715801,4.759673,0.013856,0.100590,0.001732
14.540,1204720,8.777143,3.667917,4.678270,0.009326,0.122839,-0.036372
14.560,1204740,9.208099,3.562572,4.477157,-0.009459,0.100989,-0.029977
14.580,1204760,9.366117,3.485958,4.362236,-0.031975,0.052893,0.013057
14.600,1204780,9.026140,3.476381,4.328717,-0.041435,0.016521,0.057423
14.620,1204800,8.662222,3.519476,4.338294,-0.037172,0.003464,0.061819
14.640,1204820,8.528147,3.500323,4.347870,-0.029044,0.027179,0.025580
14.660,1204840,8.729259,3.457227,4.261679,-0.030377,0.035706,-0.016521
14.680,1204860,8.916007,3.375824,4.137180,-0.031309,0.042368,-0.032242
14.700,1204880,8.643068,3.361459,4.170700,-0.044632,0.060087,-0.026913
14.720,1204900,8.465898,3.399766,4.165911,-0.060354,0.065816,-0.045698
14.740,1204920,8.561666,3.371036,4.170700,-0.065283,0.074876,-0.072345
14.760,1204940,8.556877,3.198653,4.079720,-0.076874,0.102588,-0.068348
14.780,1204960,8.418014,3.208230,4.084508,-0.103521,0.098991,-0.050495
14.800,1204980,8.226477,3.208230,4.098873,-0.121240,0.106985,-0.039436
14.820,1205000,7.963115,3.318364,4.122815,-0.122706,0.112847,-0.032908
14.840,1205020,7.757214,3.375824,4.146757,-0.110449,0.124305,-0.059554
14.860,1205040,7.699753,3.236961,4.209007,-0.094594,0.139360,-0.080738
14.880,1205060,7.484274,3.160346,4.223372,-0.097659,0.153882,-0.057423
14.900,1205080,7.647080,3.074155,4.079720,-0.095527,0.132832,-0.032908
14.920,1205100,7.058106,2.949656,3.892972,-0.105386,0.145489,-0.007994
14.940,1205120,6.904878,3.050213,4.122815,-0.103920,0.095793,-0.018386
14.960,1205140,7.149086,3.083732,4.165911,-0.082337,0.089531,-0.023582
14.980,1205160,6.124368,2.973598,4.314352,-0.079006,0.147753,-0.011858
15.000,1205180,6.009446,3.069367,4.472369,-0.060354,0.147221,-0.057556
15.020,1205200,6.679823,2.968810,4.118027,-0.037305,0.147487,-0.082737
15.040,1205220,7.508216,3.193865,4.414908,-0.043966,0.070213,-0.071279
15.060,1205240,7.608773,3.260903,4.280833,-0.032242,0.060620,-0.022250
15.080,1205260,5.990293,3.083732,4.582502,-0.060487,0.083536,-0.000799
15.100,1205280,5.616797,3.016694,4.764462,-0.067015,0.104054,-0.056757
15.120,1205300,6.866570,3.078943,4.692636,-0.069680,0.073544,-0.079939
15.140,1205320,8.829816,3.356671,4.620809,-0.092196,-0.018786,-0.033574
15.160,1205340,8.652645,3.543418,4.520253,-0.092063,0.005063,0.007994
15.180,1205360,6.205771,3.552995,4.946421,-0.115245,0.073677,-0.038237
15.200,1205380,5.712565,3.706224,5.171476,-0.092063,0.099790,-0.123239
15.220,1205400,7.465121,3.806781,5.075707,-0.072744,0.074077,-0.139227
15.240,1205420,9.318233,3.792415,4.687847,-0.083936,0.026779,-0.070213
15.260,1205440,8.413225,3.816358,4.874595,-0.112047,0.031975,0.049429
15.280,1205460,6.818686,3.845088,5.544971,-0.099790,0.061819,0.065816
15.300,1205480,6.531382,4.007894,5.899313,-0.080205,0.156946,-0.011991
15.320,1205500,7.714118,4.089296,5.851429,-0.059288,0.201312,-0.080072
15.340,1205520,9.500193,4.175488,5.410896,-0.037704,0.097925,-0.083136
15.360,1205540,9.045294,4.194642,5.377377,-0.059554,0.010525,-0.024781
15.380,1205560,7.556100,4.189853,5.741296,-0.061953,-0.037305,0.012124
15.400,1205580,7.182605,4.228160,5.664681,-0.049828,-0.060354,0.013323
15.420,1205600,8.154651,4.352659,5.391742,-0.041835,-0.141758,-0.017320
15.440,1205620,8.901642,4.362236,5.300763,-0.031842,-0.216501,0.008660
15.460,1205640,8.681376,4.515464,5.482722,-0.060087,-0.260600,0.083136
15.480,1205660,7.814674,4.903325,5.841852,-0.072345,-0.217433,0.122306
15.500,1205680,7.738060,5.099649,6.181829,-0.040103,-0.183593,0.132299
15.520,1205700,8.853758,4.788404,6.301539,-0.006395,-0.230224,0.193052
15.540,1205720,10.395624,4.611232,6.133945,-0.065816,-0.323619,0.287913
15.560,1205740,10.319010,5.324705,6.454768,-0.183193,-0.295640,0.276055
15.580,1205760,9.466674,5.889736,7.000646,-0.192786,-0.208107,0.125237
15.600,1205780,9.883265,5.497087,6.684611,-0.143357,-0.128435,0.084602
15.620,1205800,10.615891,4.730943,6.114791,-0.156946,-0.110715,0.183326
15.640,1205820,10.596737,4.879383,5.880159,-0.198914,-0.140292,0.290444
15.660,1205840,10.759542,5.506664,6.488286,-0.133897,-0.203711,0.193985
15.680,1205860,11.243171,5.530606,6.770802,-0.041035,-0.215968,0.096326
15.700,1205880,11.032481,5.439626,6.895301,-0.040902,-0.208773,0.063285
15.720,1205900,11.698070,5.750873,7.072472,-0.042101,-0.230224,0.034107
15.740,1205920,12.679692,6.105214,7.225701,-0.035706,-0.221031,0.003997
15.760,1205940,13.077129,6.493075,7.422025,-0.047031,-0.171868,-0.032775
15.780,1205960,13.340492,7.034164,7.599196,-0.042634,-0.130034,-0.058355
15.800,1205980,13.560759,7.359776,7.728483,-0.011991,-0.064351,-0.040636
15.820,1206000,13.690045,7.201759,7.656657,0.018519,-0.019985,0.012257
15.840,1206020,13.603854,6.722919,7.603985,0.017054,-0.037305,0.046364
15.860,1206040,13.345281,6.191406,7.402872,-0.028245,-0.117243,0.069547
15.880,1206060,12.708423,6.047753,7.048530,-0.084469,-0.213303,0.109116
15.900,1206080,12.464214,5.741296,6.584054,-0.061153,-0.276988,0.175998
15.920,1206100,11.951855,5.190629,6.143522,-0.056224,-0.271126,0.255538
15.940,1206120,11.453861,4.884171,5.837064,-0.054092,-0.259002,0.275789
15.960,1206140,11.032481,4.678270,5.544971,-0.025047,-0.227026,0.235153
15.980,1206160,10.625467,4.362236,5.386954,0.017986,-0.178663,0.211571
16.000,1206180,10.180145,3.916914,5.233725,0.043833,-0.116178,0.213969
16.020,1206200,9.538500,3.634398,5.181053,0.047697,-0.061286,0.200247
16.040,1206220,9.203311,3.538630,5.051765,0.035972,-0.011458,0.125904
16.060,1206240,8.925584,3.390190,4.735731,0.019985,0.015855,0.034240
16.080,1206260,8.911219,3.313575,4.462792,0.005063,0.003730,0.001199
16.100,1206280,8.576031,3.260903,4.390966,-0.003864,0.006795,0.045299
16.120,1206300,8.293514,3.160346,4.323928,-0.022250,0.045832,0.071279
16.140,1206320,8.240842,3.193865,4.228160,-0.032908,0.069813,0.053559
16.160,1206340,7.738060,3.174711,4.098873,-0.058355,0.136562,0.006262
16.180,1206360,7.575254,3.078943,3.993528,-0.056623,0.171735,-0.046098
16.200,1206380,7.642292,2.786851,3.840300,-0.067415,0.210639,-0.090997
16.220,1206400,7.402872,2.647987,3.749320,-0.118842,0.242614,-0.130300
16.240,1206420,7.086837,2.911349,3.596091,-0.146821,0.278720,-0.185724
16.260,1206440,5.913678,2.954445,3.667917,-0.143757,0.414616,-0.262865
16.280,1206460,4.817134,2.638410,3.758897,-0.142291,0.542384,-0.368917
16.300,1206480,4.797980,2.250550,3.289633,-0.142424,0.624188,-0.410352
16.320,1206500,4.539406,2.188300,2.738967,-0.171735,0.675349,-0.373447
16.340,1206520,4.256891,2.226608,2.619257,-0.151217,0.638977,-0.347334
16.360,1206540,3.624821,2.073379,2.839523,-0.095793,0.630184,-0.379576
16.380,1206560,3.462016,1.742979,3.098097,-0.062885,0.655897,-0.450721
16.400,1206580,4.486734,1.733402,3.203442,-0.042900,0.616994,-0.438464
16.420,1206600,6.253655,2.044648,3.222595,-0.040502,0.492822,-0.303900
16.440,1206620,7.809886,2.504335,3.327940,-0.010925,0.255804,-0.083536
16.460,1206640,9.193734,2.896984,3.586514,0.046098,0.005995,0.111914
16.480,1206660,9.160215,3.155558,3.787627,0.105919,-0.148819,0.278853
16.500,1206680,8.619126,3.658340,4.256891,0.178530,-0.238617,0.355061
16.520,1206700,8.714894,3.945644,4.544195,0.244213,-0.272191,0.292043
16.540,1206720,9.706094,3.988740,4.481946,0.261533,-0.313893,0.170669
16.560,1206740,9.873688,3.682282,4.414908,0.226893,-0.296839,0.109649
16.580,1206760,8.389283,3.462016,4.692636,0.133764,-0.214236,0.102188
16.600,1206780,8.054094,3.658340,4.879383,0.035040,-0.120841,0.051294
16.620,1206800,8.169016,3.605668,4.606444,-0.036639,-0.014789,0.009193
16.640,1206820,8.504205,3.399766,4.333505,-0.101655,0.039303,0.042900
16.660,1206840,8.887277,3.294421,4.074931,-0.137095,0.023449,0.123772
16.680,1206860,9.188946,3.414132,4.046201,-0.132032,-0.026646,0.216634
16.700,1206880,8.992621,3.548207,4.094085,-0.098191,-0.045299,0.277787
16.720,1206900,8.762778,3.600879,4.060566,-0.020118,-0.066083,0.293242
16.740,1206920,8.753201,3.552995,4.137180,0.070080,-0.063152,0.270726
16.760,1206940,8.647857,3.265691,4.103662,0.141758,-0.038637,0.206908
16.780,1206960,8.566454,3.160346,4.218584,0.196116,-0.023315,0.069413
16.800,1206980,8.820239,3.313575,4.462792,0.196783,-0.012257,-0.029844
16.820,1207000,9.188946,3.337517,4.467580,0.177198,0.008127,-0.118309
16.840,1207020,9.227253,3.098097,4.376601,0.143224,-0.013989,-0.160277
16.860,1207040,9.212888,2.944868,4.295198,0.065949,-0.019851,-0.172534
16.880,1207060,9.097966,3.074155,4.381389,-0.016920,-0.028645,-0.178530
16.900,1207080,8.987833,3.289633,4.419696,-0.075409,-0.037038,-0.186257
16.920,1207100,8.700529,3.347094,4.434062,-0.119508,-0.062086,-0.191587
16.940,1207120,8.623915,3.385401,4.309563,-0.142824,-0.081005,-0.195450
16.960,1207140,8.547300,3.476381,4.261679,-0.168804,-0.083802,-0.179462
16.980,1207160,8.202535,3.739743,5.061342,-0.177198,-0.054625,-0.204776
17.000,1207180,8.571242,3.907337,5.214571,-0.172534,0.001332,-0.276188
17.020,1207200,8.719683,3.936068,5.746084,-0.188522,0.090064,-0.325750
17.040,1207220,9.074024,3.869030,5.425261,-0.241149,0.125237,-0.315358
17.060,1207240,9.691729,3.763685,5.051765,-0.265663,0.123372,-0.241015
17.080,1207260,9.624691,3.869030,5.133168,-0.274456,0.105519,-0.164274
17.100,1207280,9.471462,4.074931,5.118803,-0.261799,0.095926,-0.121240
17.120,1207300,9.351752,4.027047,4.941632,-0.243147,0.103254,-0.071412
17.140,1207320,9.083601,3.667917,4.625597,-0.177730,0.093395,0.017187
17.160,1207340,8.585608,3.600879,4.927267,-0.141758,0.093528,0.027179
17.180,1207360,8.283937,3.442862,4.932055,-0.104453,0.046631,0.034107
17.200,1207380,7.939173,3.390190,5.018247,-0.100856,-0.000133,0.039037
17.220,1207400,7.857770,3.452439,5.286397,-0.108717,0.014789,0.017320
17.240,1207420,7.838616,3.452439,5.315128,-0.150951,0.033574,-0.002931
17.260,1207440,8.006210,3.251326,5.061342,-0.178130,0.049029,-0.001466
17.280,1207460,8.169016,3.059790,4.802769,-0.104320,0.057822,0.021850
17.300,1207480,7.833828,3.169923,5.224148,-0.069680,0.042501,0.060753
17.320,1207500,7.374141,3.232172,5.348647,-0.047963,0.060887,0.100723
17.340,1207520,8.087613,3.639187,5.750873,-0.022116,0.080072,0.104453
17.360,1207540,10.022128,4.175488,6.129156,0.008260,0.088732,0.079672
17.380,1207560,11.252748,4.357447,6.133945,0.012391,0.132165,0.056224
17.400,1207580,9.619903,3.821146,5.458780,-0.022649,0.207708,0.101522
17.420,1207600,7.876924,3.620033,5.056554,-0.003064,0.111781,0.086600
17.440,1207620,8.264784,3.605668,4.884171,0.072611,0.041835,-0.008660
17.460,1207640,8.552089,3.596091,4.826711,0.114979,0.028112,-0.031709
17.480,1207660,8.183381,3.663129,4.903325,0.131366,-0.001998,-0.001332
17.500,1207680,8.154651,3.859453,4.970363,0.114979,-0.002798,0.010126
17.520,1207700,8.178593,3.950433,4.970363,0.130167,0.004663,0.007328
17.540,1207720,8.293514,4.070143,4.812346,0.136029,-0.002931,0.026380
17.560,1207740,8.470686,4.304775,4.745308,0.144556,-0.034107,0.053959
17.580,1207760,8.465898,4.481946,4.769250,0.154815,-0.038637,0.075276
17.600,1207780,8.216900,4.529830,4.874595,0.148819,-0.019585,0.106718
17.620,1207800,8.408437,4.577713,4.927267,0.112181,0.015055,0.125904
17.640,1207820,8.360553,4.491522,4.783615,0.058489,0.028112,0.135363
17.660,1207840,8.293514,4.472369,4.754885,0.034107,-0.002665,0.143757
17.680,1207860,8.384495,4.620809,4.884171,0.052227,-0.026513,0.126436
17.700,1207880,8.686164,4.778827,4.970363,0.068881,0.004530,0.069413
17.720,1207900,8.652645,4.759673,5.018247,0.056757,-0.010259,0.000400
17.740,1207920,8.949526,4.668694,5.061342,-0.002531,-0.052360,-0.052227
17.760,1207940,8.978256,4.544195,4.941632,-0.097659,-0.073144,-0.055158
17.780,1207960,8.623915,4.520253,4.845864,-0.148286,-0.090997,-0.028245
17.800,1207980,8.164227,4.501099,4.716578,-0.185991,-0.074743,-0.001466
17.820,1208000,7.814674,4.443638,4.572925,-0.185191,-0.058888,0.014522
17.840,1208020,7.455544,4.299986,4.390966,-0.161743,-0.031709,0.027312
17.860,1208040,7.766790,4.501099,4.721366,-0.127502,-0.046764,0.008127
17.880,1208060,8.499416,4.553771,4.888960,-0.077407,-0.017453,-0.029844
17.900,1208080,8.015787,4.357447,4.888960,-0.076342,0.041568,-0.040902
17.920,1208100,8.772355,4.630386,5.023035,-0.068348,-0.004663,-0.107518
17.940,1208120,9.193734,4.568137,4.908113,-0.072877,0.001332,-0.137495
17.960,1208140,9.069236,4.486734,4.826711,-0.066616,-0.011991,-0.136562
17.980,1208160,8.465898,4.371812,4.793192,-0.076208,-0.019585,-0.134164
18.000,1208180,8.384495,4.261679,4.711789,-0.084202,-0.032508,-0.138694
18.020,1208200,8.350976,4.113238,4.558560,-0.079539,-0.046897,-0.123905
18.040,1208220,8.192958,3.945644,4.400543,-0.079273,-0.063285,-0.083802
18.060,1208240,8.149862,3.993528,4.458004,-0.079406,-0.081671,-0.047297
18.080,1208260,8.130709,4.170700,4.620809,-0.072345,-0.087533,-0.037305
18.100,1208280,8.231265,4.266468,4.740520,-0.052760,-0.076342,-0.052093
18.120,1208300,8.312668,4.314352,4.821922,-0.040769,-0.053692,-0.075409
18.140,1208320,8.370130,4.266468,4.869806,-0.024914,-0.042900,-0.101389
18.160,1208340,8.379706,4.204218,4.783615,-0.037438,-0.045965,-0.116044
18.180,1208360,8.427590,4.180276,4.826711,-0.068881,-0.049962,-0.121374
18.200,1208380,8.398860,4.122815,4.764462,-0.102455,-0.043433,-0.111914
18.220,1208400,8.283937,4.074931,4.726154,-0.137361,-0.042767,-0.093662
18.240,1208420,8.370130,4.084508,4.707001,-0.157613,-0.047830,-0.063018
18.260,1208440,8.389283,4.232949,4.687847,-0.168671,-0.034107,-0.032908
18.280,1208460,8.336611,4.343082,4.802769,-0.154415,-0.022916,-0.047430
18.300,1208480,8.283937,4.343082,4.817134,-0.126570,-0.008793,-0.073943
18.320,1208500,8.259995,4.352659,4.850653,-0.108317,0.013323,-0.076075
18.340,1208520,8.336611,4.266468,4.850653,-0.090198,0.019985,-0.088466
18.360,1208540,8.446744,4.242526,4.793192,-0.073943,0.000266,-0.096193
18.380,1208560,8.470686,4.213795,4.836287,-0.087533,0.002132,-0.082603
18.400,1208580,8.446744,4.161122,4.836287,-0.090464,-0.010259,-0.063685
18.420,1208600,8.499416,4.213795,4.831499,-0.100723,-0.024515,-0.048896
18.440,1208620,8.528147,4.218584,4.855441,-0.107118,-0.032375,-0.029711
18.460,1208640,8.485051,4.185065,4.831499,-0.119508,-0.042101,-0.019319
18.480,1208660,8.528147,4.180276,4.769250,-0.135096,-0.054225,-0.012524
18.500,1208680,8.489840,4.189853,4.778827,-0.143357,-0.065683,-0.005462
18.520,1208700,8.418014,4.209007,4.841076,-0.145355,-0.069813,-0.010925
18.540,1208720,8.379706,4.204218,4.836287,-0.146954,-0.055424,-0.021717
18.560,1208740,8.336611,4.237737,4.812346,-0.152017,-0.035839,-0.031842
18.580,1208760,8.413225,4.285621,4.802769,-0.147087,-0.028112,-0.045965
18.600,1208780,8.499416,4.242526,4.730943,-0.133897,-0.028778,-0.052360
18.620,1208800,8.528147,4.256891,4.702212,-0.127636,-0.039836,-0.049029
18.640,1208820,8.528147,4.242526,4.735731,-0.116711,-0.051960,-0.039037
18.660,1208840,8.542512,4.237737,4.726154,-0.112447,-0.057822,-0.028645
18.680,1208860,8.508993,4.228160,4.721366,-0.109783,-0.059554,-0.016387
18.700,1208880,8.451532,4.228160,4.759673,-0.105652,-0.059021,-0.007727
18.720,1208900,8.432379,4.232949,4.726154,-0.102455,-0.053026,-0.004530
18.740,1208920,8.432379,4.228160,4.707001,-0.100190,-0.041302,-0.002931
18.760,1208940,8.413225,4.213795,4.702212,-0.099124,-0.029977,-0.010658
18.780,1208960,8.465898,4.261679,4.635174,-0.095127,-0.021184,-0.017054
18.800,1208980,8.451532,4.237737,4.630386,-0.095260,-0.017853,-0.020651
